Workbook

Sheet Risk register
A1: ID | B1: Risk | C1: Source / scenario | D1: Asset | E1: Threat | F1: Vulnerability | G1: L (1-5) | H1: I (1-5) | I1: Inherent score | J1: Inherent level | K1: Existing controls | L1: Evidence of effectiveness (measured) | M1: Residual L | N1: Residual I | O1: Residual score | P1: Residual level | Q1: Treatment | R1: Planned action | S1: Owner | T1: Target | U1: Status | V1: ISO 27001:2022 Annex A | W1: CIS AWS 7.0 section
A2: R01 | B2: Customer data exposed publicly through an S3 misconfiguration | C2: S1 | D2: S3 data bucket (PII) | E2: Anonymous internet user | F2: Bucket-level BPA can be disabled; no account-level BPA, no SCP | G2: 4 | H2: 5 | I2: =G2*H2 -> 20 | J2: =IF(I2>=15,"High",IF(I2>=8,"Medium","Low")) -> High | K2: Bucket BPA + TLS-only policy; SSE-KMS copy; Wazuh 100100-104; Lambda L1 auto re-block | L2: S1a: detected 3 min 34 s after the read, manual fix 7 min 55 s; S1b-2: L1 fixed in 9.9 s; KMS copy never readable | M2: 2 | N2: 4 | O2: =M2*N2 -> 8 | P2: =IF(O2>=15,"High",IF(O2>=8,"Medium","Low")) -> Medium | Q2: Mitigate | R2: Account-level S3 BPA (done 2026-10-25, CIS 3.1.4 pass); L1 should also remove the public policy statement | S2: Ziad A. | T2: 2026-10-25 | U2: Closed | V2: 5.15, 5.23, 8.3, 8.12, 8.24 | W2: 3 Storage
A3: R02 | B3: Long-lived CI access key leaked through source code | C3: S2 | D3: dev-ci IAM user, data bucket | E3: External attacker / secret-scanning bots | F3: Static key stored in a file in Git history; no secret scanning | G3: 4 | H3: 4 | I3: =G3*H3 -> 16 | J3: =IF(I3>=15,"High",IF(I3>=8,"Medium","Low")) -> High | K3: Least-privilege dev-ci (no kms:Decrypt); Wazuh 100110 (unknown IP); RB-S2 runbook | L3: Detected 3 min 41 s after first misuse; contained 2 min 42 s after alert; KMS copy denied | M3: 3 | N3: 3 | O3: =M3*N3 -> 9 | P3: =IF(O3>=15,"High",IF(O3>=8,"Medium","Low")) -> Medium | Q3: Mitigate | R3: OIDC federation for CI (no standing keys); pre-commit + push-protection secret scanning | S3: Ziad A. | T3: Recommended | U3: Open | V3: 5.17, 8.4, 8.5, 8.28 | W3: 2 IAM
A4: R03 | B4: Attacker persistence through additional access keys | C4: S2 | D4: IAM users | E4: Attacker holding a valid key | F4: Identity allowed to create its own keys | G4: 3 | H4: 4 | I4: =G4*H4 -> 12 | J4: =IF(I4>=15,"High",IF(I4>=8,"Medium","Low")) -> Medium | K4: Wazuh 100113 (level 14) via us-east-1 IAM poller; AWSDenyAll-first containment | L4: Persistence detected 3 min 40 s after creation; neutralized 5 min 21 s after creation | M4: 2 | N4: 3 | O4: =M4*N4 -> 6 | P4: =IF(O4>=15,"High",IF(O4>=8,"Medium","Low")) -> Low | Q4: Mitigate | R4: Remove iam:CreateAccessKey from CI identities | S4: Ziad A. | T4: Recommended | U4: Open | V4: 5.16, 5.18, 8.2 | W4: 2 IAM
A5: R04 | B5: Administrative port exposed to the internet and attacked | C5: S3 | D5: EC2 web instance | E5: Internet scanners, brute force | F5: Security group can be opened to 0.0.0.0/0; no NACL second layer | G5: 4 | H5: 4 | I5: =G5*H5 -> 16 | J5: =IF(I5>=15,"High",IF(I5>=8,"Medium","Low")) -> High | K5: No key pair, no password auth, SSM only; Wazuh 100121 + 5710/5712; Lambda L2 | L5: Hydra aborted (no password auth); S3a manual 7 min 57 s; S3b L2 5.3 s; agent detection in seconds | M5: 2 | N5: 2 | O5: =M5*N5 -> 4 | P5: =IF(O5>=15,"High",IF(O5>=8,"Medium","Low")) -> Low | Q5: Mitigate | R5: NACL + VPC flow logs done 2026-10-25 (CIS 4.7 pass); 100121+57xx correlation recommended | S5: Ziad A. | T5: 2026-10-25 | U5: Closed | V5: 8.20, 8.22, 8.5, 8.16 | W5: 6 Networking
A6: R05 | B6: Instance role credentials stolen through IMDSv1 + SSRF | C6: M-IMDS | D6: lab-web-role credentials | E6: Attacker exploiting a web SSRF | F6: IMDSv1 can be re-enabled per instance | G6: 3 | H6: 4 | I6: =G6*H6 -> 12 | J6: =IF(I6>=15,"High",IF(I6>=8,"Medium","Low")) -> Medium | K6: IMDSv2 required, hop limit 1; Lambda L3; Wazuh 100132; rules 100130/131/133 for credential use outside the instance | L6: L3 fixed in 6.4 s; 100132 in 1 min 23 s | M6: 1 | N6: 4 | O6: =M6*N6 -> 4 | P6: =IF(O6>=15,"High",IF(O6>=8,"Medium","Low")) -> Low | Q6: Mitigate | R6: Account default IMDSv2 required (done 2026-10-25) | S6: Ziad A. | T6: 2026-10-25 | U6: Closed | V6: 8.9, 8.20 | W6: 6 Networking
A7: R06 | B7: Automated remediation silently not working | C7: S1b-1 | D7: Lambda L1-L3 / EventBridge | E7: Operational failure | F7: Rule changes and new trails are eventually consistent; no health check of automation | G7: 3 | H7: 4 | I7: =G7*H7 -> 12 | J7: =IF(I7>=15,"High",IF(I7>=8,"Medium","Low")) -> Medium | K7: SIEM detection independent of automation; session checklist (wait ≥ 60 s / ≥ 5 min) | L7: S1b-1: L1 never ran, Wazuh still alerted ~1 min after first read; bucket public 6 min 25 s | M7: 2 | N7: 3 | O7: =M7*N7 -> 6 | P7: =IF(O7>=15,"High",IF(O7>=8,"Medium","Low")) -> Low | Q7: Mitigate | R7: Keep rules always on; canary test after changes; alert if 100101 not followed by an L1 confirmation within 2 min | S7: Ziad A. | T7: Phase 5 | U7: Open | V7: 8.16, 5.30 | W7: 5 Monitoring
A8: R07 | B8: IAM activity missed by the regional trail | C8: Phase 1 finding | D8: Detection pipeline | E8: Any IAM misuse | F8: IAM is global and logged only in us-east-1; Free plan has no multi-region trail | G8: 4 | H8: 4 | I8: =G8*H8 -> 16 | J8: =IF(I8>=15,"High",IF(I8>=8,"Medium","Low")) -> High | K8: IAM poller on the us-east-1 event history (every 2 min) | L8: 100111/100113 fired live on IAM events; latency 2.5-4 min | M8: 2 | N8: 3 | O8: =M8*N8 -> 6 | P8: =IF(O8>=15,"High",IF(O8>=8,"Medium","Low")) -> Low | Q8: Accept (compensated) | R8: Multi-region trail when the plan allows it | S8: Ziad A. | T8: — | U8: Accepted | V8: 8.15, 8.16 | W8: 4 Logging
A9: R08 | B9: Late CloudTrail files skipped by log ingestion | C9: Phase 2 finding | D9: Detection pipeline | E9: Any attack in data events | F9: Polling reader tracked the last file name; data-event files arrive out of order | G9: 4 | H9: 4 | I9: =G9*H9 -> 16 | J9: =IF(I9>=15,"High",IF(I9>=8,"Medium","Low")) -> High | K9: S3 → SQS notification + reader in arrival order, DLQ, de-dup | L9: All 26 anonymous reads in S1 ingested (100103); 0 lost | M9: 1 | N9: 3 | O9: =M9*N9 -> 3 | P9: =IF(O9>=15,"High",IF(O9>=8,"Medium","Low")) -> Low | Q9: Mitigate | R9: — | S9: Ziad A. | T9: Done | U9: Closed | V9: 8.15, 8.16 | W9: 4 Logging
A10: R09 | B10: Activity in other regions not monitored | C10: Design | D10: AWS account | E10: Attacker using an unused region | F10: Single-region trail (multi-region unsupported on the plan); rule 100151 cannot fire | G10: 2 | H10: 3 | I10: =G10*H10 -> 6 | J10: =IF(I10>=15,"High",IF(I10>=8,"Medium","Low")) -> Low | K10: Account restricted to one region by the plan itself | L10: — | M10: 2 | N10: 2 | O10: =M10*N10 -> 4 | P10: =IF(O10>=15,"High",IF(O10>=8,"Medium","Low")) -> Low | Q10: Accept | R10: Re-assess if the plan changes | S10: Ziad A. | T10: — | U10: Accepted | V10: 8.15, 8.16 | W10: 4 Logging
A11: R10 | B11: Over-privileged admin IAM user with a long-lived key | C11: Phase 0 | D11: Whole account | E11: Key theft from the laptop | F11: AdministratorAccess on a user with a CLI key | G11: 3 | H11: 5 | I11: =G11*H11 -> 15 | J11: =IF(I11>=15,"High",IF(I11>=8,"Medium","Low")) -> High | K11: MFA on console, key only on the laptop, budget alert, own-admin activity logged (100143), password policy (CIS 2.8/2.9) | L11: Hardening attempt showed groups are denied by the account SCP | M11: 2 | N11: 5 | O11: =M11*N11 -> 10 | P11: =IF(O11>=15,"High",IF(O11>=8,"Medium","Low")) -> Medium | Q11: Accept (temporary) | R11: Groups blocked by an AWS-managed SCP (explicit deny on iam:CreateGroup, 2026-10-25); delete the key at Phase 6 | S11: Ziad A. | T11: Phase 6 | U11: Accepted | V11: 5.15, 5.18, 8.2 | W11: 2 IAM
A12: R11 | B12: Tailscale auth key exposed in a chat | C12: Phase 2 | D12: Tailnet (SIEM network) | E12: Anyone who saw the key | F12: Reusable key, not rotated by decision | G12: 2 | H12: 3 | I12: =G12*H12 -> 6 | J12: =IF(I12>=15,"High",IF(I12>=8,"Medium","Low")) -> Low | K12: Ephemeral nodes; Tailscale Machines list checked after sessions | L12: No unknown device seen | M12: 2 | N12: 3 | O12: =M12*N12 -> 6 | P12: =IF(O12>=15,"High",IF(O12>=8,"Medium","Low")) -> Low | Q12: Accept (temporary) | R12: Revoke the key at the end of the lab; Tailscale ACL | S12: Ziad A. | T12: Phase 6 | U12: Accepted | V12: 5.17, 8.5 | W12: —
A13: R12 | B13: Instance role can read the Tailscale key and join the SIEM network | C13: Design | D13: Tailnet, Wazuh manager | E13: Attacker with the role's credentials | F13: Role allowed ssm:GetParameter on the auth key; no tailnet ACL | G13: 2 | H13: 4 | I13: =G13*H13 -> 8 | J13: =IF(I13>=15,"High",IF(I13>=8,"Medium","Low")) -> Medium | K13: IMDSv2 + L3 (credential theft hard); Wazuh 100130 for role use outside the instance | L13: — | M13: 2 | N13: 3 | O13: =M13*N13 -> 6 | P13: =IF(O13>=15,"High",IF(O13>=8,"Medium","Low")) -> Low | Q13: Mitigate | R13: Tagged auth key + ACL limiting EC2 to Wazuh ports 1514/1515 | S13: Ziad A. | T13: Phase 5 | U13: Open | V13: 8.20, 8.22, 5.15 | W13: —
... A18: R17 | B18: SIEM single point of failure | C18: Design | D18: Wazuh VM | E18: Laptop failure, disk issues | F18: One all-in-one VM, no HA, no snapshots | G18: 3 | H18: 3 | I18: =G18*H18 -> 9 | J18: =IF(I18>=15,"High",IF(I18>=8,"Medium","Low")) -> Medium | K18: Offline VM backups to external HDD; SQS buffers trail events (4 days) | L18: VM down → events wait in SQS, no loss | M18: 2 | N18: 3 | O18: =M18*N18 -> 6 | P18: =IF(O18>=15,"High",IF(O18>=8,"Medium","Low")) -> Low | Q18: Accept | R18: — | S18: Ziad A. | T18: — | U18: Accepted | V18: 5.30, 8.13 | W18: —

Sheet Summary
A1: Risk register summary
B3: Inherent | C3: Residual
A4: Risks rated High | B4: =COUNTIF('Risk register'!J2:J18,"High") -> 7 | C4: =COUNTIF('Risk register'!P2:P18,"High") -> 0
A5: Risks rated Medium | B5: =COUNTIF('Risk register'!J2:J18,"Medium") -> 8 | C5: =COUNTIF('Risk register'!P2:P18,"Medium") -> 4
A6: Risks rated Low | B6: =COUNTIF('Risk register'!J2:J18,"Low") -> 2 | C6: =COUNTIF('Risk register'!P2:P18,"Low") -> 13
A7: Total risks | B7: =COUNTA('Risk register'!A2:A18) -> 17
A9: Average score | B9: =ROUND(AVERAGE('Risk register'!I2:I18),1) -> 12.3 | C9: =ROUND(AVERAGE('Risk register'!O2:O18),1) -> 5.8
A11: Status: Open | B11: =COUNTIF('Risk register'!U2:U18,"Open") -> 5
A12: Status: In progress | B12: =COUNTIF('Risk register'!U2:U18,"In progress") -> 0
A13: Status: Accepted | B13: =COUNTIF('Risk register'!U2:U18,"Accepted") -> 7
A14: Status: Closed | B14: =COUNTIF('Risk register'!U2:U18,"Closed") -> 5

Sheet Method
A1: Method | B1: Qualitative 5×5 matrix (ISO/IEC 27005 style). Score = Likelihood × Impact.
A2: Likelihood (L) | B2: 1 rare · 2 unlikely · 3 possible · 4 likely · 5 almost certain (within a year, for a small company running this setup).
A3: Impact (I) | B3: 1 negligible · 2 minor · 3 moderate · 4 major (PII exposure, account compromise) · 5 severe (full account takeover, large PII breach).
A4: Levels | B4: High ≥ 15 · Medium 8–14 · Low ≤ 7.
A5: Inherent vs residual | B5: Inherent = before the lab's controls. Residual = with the controls in place, using the measured results from the 2026-10-24 runs as evidence.
A6: Treatment | B6: Mitigate (add/strengthen controls) · Accept (documented, owner aware) · Transfer · Avoid.
A7: Yellow cells | B7: Inputs to adjust (L, I, residual L/I, status). Scores and levels are formulas.
A8: Sources | B8: Incident reports in reports/incidents/, run log reports/timelines.xlsx, Prowler CIS AWS 7.0 scans, kickoff brief.
